treat,age,educ,black,hispan,married,nodegree,re74,re75,re78
1,0.9760633830018991,0.2784536417355966,1,0,1,1,-0.7041197093846422,-0.663511106652054,9930.046
1,-0.5432105324024425,-0.48310776595106886,0,1,0,1,-0.7041197093846422,-0.663511106652054,3595.894
1,0.26706888914653965,0.6592343455789293,1,0,0,0,-0.7041197093846422,-0.663511106652054,24909.45
1,-0.0367858939343287,0.2784536417355966,1,0,0,1,-0.7041197093846422,-0.663511106652054,7506.146
1,0.570923672227408,-0.8638884697944016,1,0,0,1,-0.7041197093846422,-0.663511106652054,289.7899
1,-0.5432105324024425,-0.48310776595106886,1,0,0,1,-0.7041197093846422,-0.663511106652054,4056.494
1,-0.4419256047088198,0.6592343455789293,1,0,0,0,-0.7041197093846422,-0.663511106652054,0.0
1,0.4696387445337852,0.2784536417355966,1,0,0,1,-0.7041197093846422,-0.663511106652054,8472.158
1,-0.5432105324024425,2.1823571609522605,1,0,0,0,-0.7041197093846422,-0.663511106652054,2164.022
1,0.570923672227408,0.6592343455789293,0,0,1,0,-0.7041197093846422,-0.663511106652054,12418.07
1,-0.8470653154833109,-0.48310776595106886,1,0,0,1,-0.7041197093846422,-0.663511106652054,8173.908
1,-0.6444954600960654,1.0400150494222622,1,0,0,0,-0.7041197093846422,-0.663511106652054,17094.64
1,-0.9483502431769337,-0.8638884697944016,1,0,0,1,-0.7041197093846422,-0.663511106652054,0.0
1,-0.0367858939343287,-0.10232706210773612,1,0,1,1,-0.7041197093846422,-0.663511106652054,18739.93
1,-1.0496351708705565,-1.2446691736377344,1,0,0,1,-0.7041197093846422,-0.663511106652054,3023.879
1,-0.8470653154833109,-0.10232706210773612,1,0,0,1,-0.7041197093846422,-0.663511106652054,3228.503
1,-0.0367858939343287,1.0400150494222622,1,0,0,0,-0.7041197093846422,-0.663511106652054,14581.86
1,-0.4419256047088198,-0.10232706210773612,1,0,0,1,-0.7041197093846422,-0.663511106652054,7693.4
1,1.2799181660827674,0.6592343455789293,1,0,0,0,-0.7041197093846422,-0.663511106652054,10804.32
1,-0.13807082162795148,0.6592343455789293,1,0,0,0,-0.7041197093846422,-0.663511106652054,10747.35
1,-0.4419256047088198,0.2784536417355966,1,0,0,1,-0.7041197093846422,-0.663511106652054,0.0
1,1.3812030937763902,1.4207957532655948,0,0,0,0,-0.7041197093846422,-0.663511106652054,5149.501
1,1.077348310695522,-0.48310776595106886,0,0,0,1,-0.7041197093846422,-0.663511106652054,6408.95
1,-0.340640677015197,0.2784536417355966,1,0,0,1,-0.7041197093846422,-0.663511106652054,1991.4
1,-0.9483502431769337,-0.10232706210773612,1,0,0,1,-0.7041197093846422,-0.663511106652054,11163.17
1,0.16578396145291685,0.2784536417355966,1,0,1,1,-0.7041197093846422,-0.663511106652054,9642.999
1,-0.23935574932157425,0.2784536417355966,1,0,0,1,-0.7041197093846422,-0.663511106652054,9897.049
1,-0.0367858939343287,-0.10232706210773612,0,1,0,1,-0.7041197093846422,-0.663511106652054,11142.87
1,-1.0496351708705565,-0.10232706210773612,1,0,0,1,-0.7041197093846422,-0.663511106652054,16218.04
1,-0.340640677015197,0.2784536417355966,1,0,0,1,-0.7041197093846422,-0.663511106652054,995.7002
1,-1.0496351708705565,-0.10232706210773612,1,0,0,1,-0.7041197093846422,-0.663511106652054,0.0
1,2.09019758763175,-2.3870112851677328,1,0,0,1,-0.7041197093846422,-0.663511106652054,6551.592
1,-0.23935574932157425,0.2784536417355966,1,0,1,1,-0.7041197093846422,-0.663511106652054,1574.424
1,-0.7457803877896881,0.6592343455789293,1,0,0,0,-0.7041197093846422,-0.663511106652054,0.0
1,-0.23935574932157425,0.6592343455789293,1,0,0,0,-0.7041197093846422,-0.663511106652054,3191.753
1,1.482488021470013,1.4207957532655948,1,0,0,0,-0.7041197093846422,-0.663511106652054,20505.93
1,-0.23935574932157425,-2.0062305813243997,1,0,0,1,-0.7041197093846422,-0.663511106652054,6181.88
1,-0.4419256047088198,0.6592343455789293,1,0,1,0,-0.7041197093846422,-0.663511106652054,5911.551
1,1.887627732244504,-0.8638884697944016,1,0,1,1,-0.7041197093846422,-0.663511106652054,3094.156
1,-0.340640677015197,-0.10232706210773612,1,0,0,1,-0.7041197093846422,-0.663511106652054,0.0
1,-0.6444954600960654,0.6592343455789293,1,0,0,0,-0.7041197093846422,-0.663511106652054,1254.582
1,-0.8470653154833109,-0.48310776595106886,0,0,0,1,-0.7041197093846422,-0.663511106652054,13188.83
1,-1.0496351708705565,-0.8638884697944016,1,0,0,1,-0.7041197093846422,-0.663511106652054,8061.485
1,-0.9483502431769337,-0.8638884697944016,0,1,1,1,-0.7041197093846422,-0.663511106652054,2787.96
1,-0.7457803877896881,0.2784536417355966,1,0,0,1,-0.7041197093846422,-0.663511106652054,3972.54
1,-0.23935574932157425,0.2784536417355966,1,0,1,1,-0.7041197093846422,-0.663511106652054,0.0
1,-1.0496351708705565,-0.8638884697944016,1,0,0,1,-0.7041197093846422,-0.663511106652054,0.0
1,-1.0496351708705565,-0.48310776595106886,1,0,0,1,-0.7041197093846422,-0.663511106652054,0.0
1,-0.23935574932157425,-2.0062305813243997,1,0,0,1,-0.7041197093846422,-0.663511106652054,12187.41
1,-0.4419256047088198,0.6592343455789293,1,0,0,0,-0.7041197093846422,-0.663511106652054,4843.176
1,0.06449903375929408,-0.8638884697944016,1,0,0,1,-0.7041197093846422,-0.663511106652054,0.0
1,0.36835381684016244,0.2784536417355966,1,0,1,1,-0.7041197093846422,-0.663511106652054,8087.487
1,-0.9483502431769337,0.2784536417355966,1,0,0,1,-0.7041197093846422,-0.663511106652054,0.0
1,-0.23935574932157425,0.6592343455789293,1,0,0,0,-0.7041197093846422,-0.663511106652054,2348.973
1,0.26706888914653965,0.2784536417355966,1,0,1,1,-0.7041197093846422,-0.663511106652054,590.7818
1,-1.0496351708705565,-0.10232706210773612,1,0,0,1,-0.7041197093846422,-0.663511106652054,0.0
1,0.9760633830018991,-0.48310776595106886,1,0,0,1,-0.7041197093846422,-0.663511106652054,1067.506
1,1.3812030937763902,-2.3870112851677328,1,0,1,1,-0.7041197093846422,-0.663511106652054,7284.986
1,1.482488021470013,1.4207957532655948,1,0,1,0,-0.7041197093846422,-0.663511106652054,13167.52
1,-0.5432105324024425,0.2784536417355966,0,0,0,1,-0.7041197093846422,-0.663511106652054,1048.432
1,-1.0496351708705565,-0.8638884697944016,1,0,0,1,-0.7041197093846422,-0.663511106652054,0.0
1,0.16578396145291685,-0.8638884697944016,1,0,0,1,-0.7041197093846422,-0.663511106652054,1923.938
1,0.7734935276146535,-0.10232706210773612,1,0,0,1,-0.7041197093846422,-0.663511106652054,4666.236
1,-0.0367858939343287,0.2784536417355966,1,0,0,1,-0.7041197093846422,-0.663511106652054,549.2984
1,0.16578396145291685,-2.3870112851677328,1,0,0,1,-0.7041197093846422,-0.663511106652054,762.9146
1,0.06449903375929408,-0.48310776595106886,1,0,0,1,-0.7041197093846422,-0.663511106652054,10694.29
1,-0.0367858939343287,0.2784536417355966,1,0,0,1,-0.7041197093846422,-0.663511106652054,0.0
1,-0.4419256047088198,-1.2446691736377344,0,0,0,1,-0.7041197093846422,-0.663511106652054,0.0
1,1.7863428045508813,-2.0062305813243997,1,0,1,1,-0.7041197093846422,-0.663511106652054,8546.715
1,0.16578396145291685,1.0400150494222622,1,0,0,0,-0.7041197093846422,-0.663511106652054,7479.656
1,-0.0367858939343287,-0.48310776595106886,1,0,0,1,-0.7041197093846422,-0.663511106652054,0.0
1,1.887627732244504,1.0400150494222622,1,0,0,0,-0.7041197093846422,-0.663511106652054,647.2046
1,-0.9483502431769337,-1.625449877481067,1,0,0,1,-0.7041197093846422,-0.663511106652054,0.0
1,-0.23935574932157425,0.6592343455789293,1,0,0,0,-0.7041197093846422,-0.663511106652054,11965.81
1,0.06449903375929408,1.8015764571089277,1,0,0,0,-0.7041197093846422,-0.663511106652054,9598.541
1,-0.23935574932157425,0.2784536417355966,0,0,0,1,-0.7041197093846422,-0.663511106652054,18783.35
1,-0.5432105324024425,0.6592343455789293,1,0,0,0,-0.7041197093846422,-0.663511106652054,18678.08
1,-0.6444954600960654,-0.48310776595106886,1,0,0,1,-0.7041197093846422,-0.663511106652054,0.0
1,1.2799181660827674,0.2784536417355966,1,0,0,1,-0.7041197093846422,-0.663511106652054,23005.6
1,-0.5432105324024425,0.2784536417355966,1,0,0,1,-0.7041197093846422,-0.663511106652054,6456.697
1,-0.23935574932157425,0.6592343455789293,1,0,0,0,-0.7041197093846422,-0.663511106652054,0.0
1,-0.9483502431769337,0.6592343455789293,1,0,0,0,-0.7041197093846422,-0.663511106652054,2321.107
1,1.077348310695522,0.6592343455789293,0,0,0,0,-0.7041197093846422,-0.663511106652054,4941.849
1,-0.0367858939343287,1.0400150494222622,1,0,0,0,-0.7041197093846422,-0.663511106652054,0.0
1,-0.0367858939343287,-0.8638884697944016,1,0,0,1,-0.7041197093846422,-0.663511106652054,0.0
1,1.077348310695522,0.2784536417355966,1,0,0,1,-0.7041197093846422,-0.663511106652054,0.0
1,-0.4419256047088198,-0.8638884697944016,0,1,0,1,-0.7041197093846422,-0.663511106652054,3881.284
1,-0.13807082162795148,0.2784536417355966,1,0,0,1,-0.7041197093846422,-0.663511106652054,17230.96
1,-0.6444954600960654,0.6592343455789293,0,0,0,0,-0.7041197093846422,-0.663511106652054,8048.603
1,-0.23935574932157425,-0.8638884697944016,1,0,0,1,-0.7041197093846422,-0.663511106652054,0.0
1,0.36835381684016244,0.2784536417355966,1,0,1,1,-0.7041197093846422,-0.663511106652054,14509.93
1,-1.0496351708705565,-0.10232706210773612,1,0,0,1,-0.7041197093846422,-0.663511106652054,0.0
1,-0.23935574932157425,0.2784536417355966,1,0,0,1,-0.7041197093846422,-0.663511106652054,0.0
1,-0.6444954600960654,0.6592343455789293,1,0,0,0,-0.7041197093846422,-0.663511106652054,9983.784
1,1.6850578768572586,0.2784536417355966,1,0,0,1,-0.7041197093846422,-0.663511106652054,0.0
1,-0.23935574932157425,0.6592343455789293,0,0,0,0,-0.7041197093846422,-0.663511106652054,5587.503
1,-0.9483502431769337,-0.48310776595106886,1,0,0,1,-0.7041197093846422,-0.663511106652054,4482.845
1,1.482488021470013,0.6592343455789293,1,0,0,0,-0.7041197093846422,-0.663511106652054,2456.153
1,-0.23935574932157425,-0.10232706210773612,1,0,0,1,-0.7041197093846422,-0.663511106652054,0.0
1,0.36835381684016244,-0.48310776595106886,0,1,0,1,-0.7041197093846422,-0.663511106652054,26817.6
1,-0.340640677015197,-0.10232706210773612,1,0,0,1,-0.7041197093846422,-0.663511106652054,0.0
1,-0.13807082162795148,-0.10232706210773612,1,0,0,1,-0.7041197093846422,-0.663511106652054,9265.788
1,-0.23935574932157425,0.2784536417355966,1,0,0,1,-0.7041197093846422,-0.663511106652054,485.2298
1,-0.9483502431769337,0.2784536417355966,1,0,0,1,-0.7041197093846422,-0.663511106652054,4814.627
1,-0.8470653154833109,0.2784536417355966,1,0,0,1,-0.7041197093846422,-0.663511106652054,7458.105
1,1.5837729491636359,-0.48310776595106886,1,0,0,1,-0.7041197093846422,-0.663511106652054,0.0
1,-0.0367858939343287,1.0400150494222622,1,0,0,0,-0.7041197093846422,-0.663511106652054,34099.28
1,-1.0496351708705565,-0.48310776595106886,1,0,0,1,-0.7041197093846422,-0.663511106652054,1953.268
1,0.26706888914653965,0.2784536417355966,1,0,0,1,-0.7041197093846422,-0.663511106652054,0.0
1,-0.13807082162795148,-0.10232706210773612,1,0,1,1,-0.3908033132154106,-0.663511106652054,0.0
1,-0.7457803877896881,-0.48310776595106886,1,0,0,1,0.23582901563703076,-0.663511106652054,8881.665
1,-1.0496351708705565,-0.48310776595106886,0,1,0,1,-0.6353429568274588,-0.6409348595884594,6210.67
1,-0.7457803877896881,0.6592343455789293,1,0,0,0,-0.5512824437142625,-0.6133416586104548,0.0
1,-0.9483502431769337,0.2784536417355966,1,0,0,1,-0.5715234190152946,-0.5983535057544053,929.8839
1,-0.0367858939343287,0.6592343455789293,1,0,1,0,-0.13698708957637828,-0.5620686859919841,0.0
1,-0.6444954600960654,0.6592343455789293,0,0,0,0,-0.13698708957637828,-0.5620686556244844,12558.02
1,-0.0367858939343287,0.6592343455789293,1,0,0,0,-0.3729723879795127,-0.5548106713240053,22163.25
1,-0.7457803877896881,0.6592343455789293,1,0,0,0,-0.7041197093846422,-0.548852962631894,1652.637
1,-0.8470653154833109,-0.10232706210773612,1,0,0,1,-0.7041197093846422,-0.5465129949313295,8124.715
1,-0.4419256047088198,0.6592343455789293,1,0,0,0,0.1465792203277537,-0.5113474301106995,671.3318
1,0.16578396145291685,1.4207957532655948,1,0,0,0,-0.7041197093846422,-0.45711128795984324,17814.98
1,-0.9483502431769337,-0.10232706210773612,1,0,0,1,-0.7041197093846422,-0.4209027513570331,9737.154
1,-0.8470653154833109,-0.48310776595106886,1,0,0,1,-0.7041197093846422,-0.4209027513570331,17685.18
1,-0.0367858939343287,1.0400150494222622,0,0,1,0,0.74528852481261,-0.404256927786939,0.0
1,-0.9483502431769337,0.2784536417355966,0,0,0,1,-0.1358501583651649,-0.38426436279391557,4321.705
1,-0.0367858939343287,-0.48310776595106886,1,0,1,1,-0.7041197093846422,-0.37974340125447575,1773.423
1,-0.5432105324024425,0.6592343455789293,1,0,0,0,0.16195830450889478,-0.3792174665246585,0.0
1,-0.4419256047088198,-0.10232706210773612,1,0,1,1,-0.7041197093846422,-0.3791381162475632,11233.26
1,-0.4419256047088198,0.6592343455789293,0,1,0,0,0.7459333883641256,-0.32417282005792614,559.4432
1,-0.7457803877896881,0.2784536417355966,1,0,0,1,-0.142143217072374,-0.29277373624308434,1085.44
1,-1.0496351708705565,-0.48310776595106886,1,0,0,1,-0.43892706684781074,-0.2828730202685852,5445.2
1,0.06449903375929408,0.2784536417355966,1,0,0,1,-0.7041197093846422,-0.27356841831604545,60307.93
1,-0.13807082162795148,0.2784536417355966,1,0,1,1,-0.7041197093846422,-0.24053647403453235,1460.36
1,-0.7457803877896881,0.2784536417355966,1,0,0,1,1.8170310450561369,-0.21255555600225545,6943.342
1,-0.340640677015197,0.2784536417355966,1,0,1,1,-0.5767555118702458,-0.1575542439578021,4032.708
1,0.36835381684016244,-0.48310776595106886,1,0,0,1,-0.7041197093846422,-0.14768662855813414,10363.27
1,-0.4419256047088198,-0.8638884697944016,0,0,1,1,-0.7041197093846422,-0.1432702830556607,4232.309
1,-0.9483502431769337,-0.10232706210773612,1,0,0,1,-0.3729726969701938,-0.12167170246582922,11141.39
1,0.16578396145291685,0.6592343455789293,1,0,0,0,0.9770893169165581,-0.11164739076696044,0.0
1,-0.13807082162795148,0.2784536417355966,0,0,0,1,-0.7041197093846422,0.012550217449541405,13385.86
1,-0.340640677015197,-0.48310776595106886,1,0,0,1,0.7102387848801304,0.03150227042787218,4849.559
1,-0.23935574932157425,0.6592343455789293,1,0,0,0,1.524752124916217,0.06812517156606865,0.0
1,-0.340640677015197,-0.10232706210773612,1,0,0,1,-0.04745240485910039,0.07197364482143871,1660.508
1,1.887627732244504,-0.8638884697944016,1,0,0,1,-0.2150402985642733,0.12444139635381496,0.0
1,0.36835381684016244,0.6592343455789293,0,0,0,0,-0.7041197093846422,0.12945051545326478,2484.549
1,-0.8470653154833109,0.2784536417355966,1,0,0,1,-0.3480039325048808,0.13068282859697908,4146.603
1,-0.8470653154833109,-0.8638884697944016,1,0,0,1,-0.7041197093846422,0.1433706737072618,9970.681
1,-0.0367858939343287,0.2784536417355966,1,0,0,1,-0.363157762479479,0.14616964616798506,0.0
1,-0.13807082162795148,0.2784536417355966,1,0,1,1,-0.7041197093846422,0.17300601313110014,26372.28
1,-0.7457803877896881,-0.10232706210773612,1,0,0,1,0.06924240623405567,0.17990216867092468,5615.189
1,0.06449903375929408,-0.10232706210773612,1,0,0,1,-0.7041197093846422,0.19786484850430192,3196.571
1,-0.340640677015197,0.6592343455789293,1,0,0,0,1.4226245249895362,0.19976524664460857,6167.681
1,-0.8470653154833109,-0.8638884697944016,1,0,0,1,-0.2968154548017049,0.22846253399823152,7535.942
1,-0.4419256047088198,0.6592343455789293,1,0,0,0,0.2644642635246179,0.2596487416391592,8484.239
1,1.482488021470013,-0.48310776595106886,1,0,1,1,-0.7041197093846422,0.26528829003539334,1294.409
1,-0.23935574932157425,1.0400150494222622,1,0,0,0,1.2058953713390062,0.2750669286605152,0.0
1,-0.9483502431769337,-0.48310776595106886,1,0,0,1,-0.7041197093846422,0.33478249138092236,5010.342
1,-0.6444954600960654,0.6592343455789293,1,0,0,0,0.2960341504062253,0.3484581912611664,9371.037
1,-0.0367858939343287,-0.10232706210773612,1,0,0,1,-0.5494473171599707,0.4145579134740096,0.0
1,-0.6444954600960654,-0.8638884697944016,1,0,0,1,-0.5512824437142625,0.4588404090981367,4279.613
1,-0.5432105324024425,-0.48310776595106886,1,0,0,1,-0.36533043045383595,0.501685610954595,3462.564
1,0.36835381684016244,-2.3870112851677328,1,0,0,1,0.6118081039578145,0.5582374875411392,7382.549
1,-0.340640677015197,-0.10232706210773612,1,0,1,1,1.1039701603084646,0.5749216956310378,0.0
1,0.16578396145291685,-0.10232706210773612,1,0,0,1,-0.7041197093846422,0.6723400277841333,0.0
1,0.16578396145291685,0.6592343455789293,1,0,0,0,0.8019606601337782,0.8181000792656511,10976.51
1,-0.8470653154833109,-0.10232706210773612,0,0,0,1,-0.7041197093846422,0.953287685676096,13829.62
1,-0.8470653154833109,0.2784536417355966,0,1,1,1,0.133937948076754,0.995709260909715,6788.463
1,0.36835381684016244,-0.48310776595106886,1,0,0,1,0.9516114903040854,1.0121192504760124,9558.501
1,-0.5432105324024425,-0.10232706210773612,1,0,1,1,-0.47726678505760906,1.0336264248913098,13228.28
1,-0.6444954600960654,-0.48310776595106886,1,0,0,1,0.2871950084865152,1.0824169758674427,743.6666
1,-1.0496351708705565,-0.10232706210773612,1,0,0,1,-0.5045939208966375,1.0959368904734812,5522.788
1,-0.13807082162795148,0.6592343455789293,1,0,1,0,0.5949948395302144,1.0962341882969648,1424.944
1,-0.7457803877896881,-0.48310776595106886,0,1,0,1,1.1901136723003543,1.12059438932271,1358.643
1,-0.8470653154833109,-0.10232706210773612,1,0,0,1,-0.06729779484061736,1.1757736549162556,0.0
1,-0.13807082162795148,-0.10232706210773612,1,0,0,1,3.301895032940872,1.3981257034820984,672.8773
1,0.06449903375929408,0.2784536417355966,1,0,0,1,-0.40609371707106773,1.4232997535036924,0.0
1,-0.5432105324024425,0.6592343455789293,0,1,1,0,-0.6280723906509648,1.4791291872689218,10092.83
1,0.570923672227408,0.2784536417355966,1,0,0,1,-0.7041197093846422,1.725778272460832,6281.433
1,-0.5432105324024425,0.6592343455789293,0,0,0,0,0.3402678658585548,1.9042140574506798,12590.71
1,0.16578396145291685,-0.10232706210773612,0,1,0,1,-0.7041197093846422,2.0251283315839292,5112.014
1,0.570923672227408,0.6592343455789293,1,0,1,0,2.429038072494051,2.6591033376501954,15952.6
1,-0.23935574932157425,1.4207957532655948,1,0,1,0,4.7094078386652365,2.839856770228221,36646.95
1,0.7734935276146535,-0.48310776595106886,1,0,1,1,1.3973923459685609,3.53650847392479,12803.97
1,0.7734935276146535,-0.8638884697944016,1,0,1,1,1.4174211219193276,4.795396216753548,3786.628
1,0.570923672227408,0.2784536417355966,1,0,1,1,1.5608916749810378,6.971558586403536,4181.942
0,0.26706888914653965,0.6592343455789293,0,0,1,0,2.411546110035351,4.908083935178758,25564.67
0,-0.13807082162795148,0.6592343455789293,0,0,1,0,3.2914882268004546,4.743892937016251,25564.67
0,-0.23935574932157425,2.1823571609522605,0,0,1,0,3.2914882268004546,3.987638941373697,25564.67
0,1.482488021470013,0.2784536417355966,0,0,1,1,2.6618780002586346,3.668500812001534,15491.01
0,-0.23935574932157425,-0.48310776595106886,1,0,1,1,1.5869982976296078,3.5200766197586058,0.0
0,0.9760633830018991,-0.48310776595106886,1,0,1,1,1.4102231840024329,3.2101823573392907,17833.2
0,0.4696387445337852,0.6592343455789293,0,0,1,0,2.241732556454008,3.1704920350417414,14146.28
0,-0.7457803877896881,0.6592343455789293,1,0,0,0,0.43795835960422663,3.100901872396702,17765.23
0,1.077348310695522,-0.48310776595106886,0,1,1,1,1.895446700112996,2.989450111215186,0.0
0,1.1786332383891447,-0.10232706210773612,0,0,1,1,1.8863670089480271,2.9872757982262765,4433.18
0,1.3812030937763902,-2.0062305813243997,0,0,1,1,0.9622299550610756,2.978031931273428,19451.31
0,0.36835381684016244,1.4207957532655948,0,0,1,0,2.0507315118676646,2.8480924361862137,22094.97
0,0.6722085999210308,-0.8638884697944016,0,0,1,1,0.537848558008854,2.7997048619330256,5486.799
0,0.16578396145291685,0.6592343455789293,0,0,1,0,1.577614250643727,2.7214174473323474,6420.722
0,-0.5432105324024425,1.4207957532655948,1,0,1,0,-0.5884892321421682,2.7089121108961347,18208.55
0,1.482488021470013,-3.9101341005410637,0,1,1,1,-0.27186754720736805,2.6556323324179,9922.934
0,-0.23935574932157425,-0.48310776595106886,0,1,0,1,0.13949854437434736,2.5523342449447957,7539.361
0,0.06449903375929408,-0.48310776595106886,0,0,1,1,1.0094514559045795,2.481656925805301,15406.78
0,1.2799181660827674,1.0400150494222622,0,0,1,0,-0.15139393457934766,2.4648029633912687,11911.95
0,0.7734935276146535,-0.48310776595106886,0,0,1,1,1.0687807565881147,2.1902452348167127,11087.38
0,-0.0367858939343287,-0.10232706210773612,0,1,1,1,1.7232122045450087,2.099451269079828,17023.41
0,-0.0367858939343287,-1.625449877481067,0,1,1,1,0.505762502194421,2.091296380671424,5661.171
0,0.8747784553082764,0.6592343455789293,0,0,1,0,3.240937351367788,1.9771242988537843,21905.82
0,1.9889126599381268,-0.8638884697944016,1,0,1,1,0.728850684062581,1.9309116449395025,0.0
0,1.2799181660827674,0.2784536417355966,0,0,1,1,2.488735072088129,1.9184072195282842,25564.67
0,-0.0367858939343287,-1.2446691736377344,0,0,1,1,-0.23070071876058212,1.905902794117066,11149.45
0,0.8747784553082764,-0.48310776595106886,1,0,1,1,1.3439323232730667,1.9048153339476128,0.0
0,1.1786332383891447,-1.625449877481067,0,1,1,1,1.3475645087297354,1.8999222186975708,25048.94
0,-0.6444954600960654,-0.48310776595106886,0,0,1,1,1.0194411246254726,1.8999222186975708,1213.214
0,0.16578396145291685,0.6592343455789293,0,0,1,0,1.0260998738037979,1.7906432521299733,0.0
0,-0.5432105324024425,1.0400150494222622,0,1,0,0,0.2853986911617731,1.7302951343877926,9453.017
0,-0.23935574932157425,-0.10232706210773612,0,0,1,1,1.4023531913540834,1.7031113632264498,11688.82
0,-0.0367858939343287,0.6592343455789293,0,0,1,0,1.19167562019346,1.677558630481787,7806.829
0,1.7863428045508813,-0.8638884697944016,0,0,1,1,2.759043209846388,1.6552679745704857,15931.37
0,-0.13807082162795148,0.6592343455789293,0,0,1,0,-0.3417907478887435,1.634064475153639,2838.713
0,-0.0367858939343287,0.6592343455789293,0,0,1,0,0.8081574682438154,1.612861279411791,14038.4
0,0.570923672227408,-0.8638884697944016,0,0,1,1,1.198031558504279,1.6063371257450687,25514.43
0,-0.23935574932157425,0.6592343455789293,0,0,1,0,1.0542504698080342,1.6041622054061626,4162.756
0,2.1914825153253723,-0.8638884697944016,0,0,1,1,0.2938743055451353,1.5932888184116245,7503.896
0,1.2799181660827674,-2.7677919890110654,0,1,1,1,0.4664119209713098,1.591657779994944,12104.06
0,-0.5432105324024425,0.6592343455789293,1,0,1,0,0.799076541116122,1.5753473958281388,2231.367
0,-0.23935574932157425,-2.0062305813243997,0,0,1,1,0.5151462401896204,1.5514257015001571,14617.67
0,-0.23935574932157425,0.6592343455789293,0,0,1,0,1.0751366948989334,1.5421833529222997,19588.74
0,-0.6444954600960654,0.6592343455789293,0,0,1,0,1.3972069515598835,1.5236983520915865,10746.03
0,0.570923672227408,-0.48310776595106886,0,1,1,1,1.1435456867474374,1.4889029670940683,25564.67
0,-0.7457803877896881,0.6592343455789293,1,0,1,0,0.7721364161052074,1.4791167365939852,0.0
0,-0.8470653154833109,0.2784536417355966,0,0,1,1,-0.038790469095017634,1.4557386205132306,837.871
0,-0.23935574932157425,0.6592343455789293,1,0,1,0,-0.6584123710254074,1.444865233518693,461.0507
0,0.16578396145291685,0.6592343455789293,0,0,1,0,1.660250718404805,1.4416031566853318,24290.87
0,-0.7457803877896881,0.6592343455789293,0,0,1,0,-0.1544208072916851,1.4008274999433172,6680.802
0,0.16578396145291685,-1.625449877481067,0,1,1,1,0.6156417513385792,1.371468808443068,7196.528
0,-0.23935574932157425,1.0400150494222622,0,0,1,0,2.271397206795775,1.3567897663679418,13015.82
0,1.3812030937763902,1.8015764571089277,0,0,1,0,3.2914882268004546,1.3296059952065988,24647.0
0,1.1786332383891447,-0.10232706210773612,0,0,1,1,2.8098968961465607,1.308402495789752,25564.67
0,0.570923672227408,0.6592343455789293,0,0,1,0,0.967376194855275,1.2708889158810985,2936.243
0,0.16578396145291685,-0.8638884697944016,0,0,1,1,0.7125050770308693,1.2654522223838296,20575.86
0,-0.6444954600960654,0.2784536417355966,0,0,1,1,0.9458843480293635,1.2426176845503025,10923.35
0,0.36835381684016244,0.6592343455789293,0,0,1,0,2.9500457993861366,1.2279383388001779,22403.81
0,0.8747784553082764,0.6592343455789293,1,0,1,0,1.0015814632562299,1.22576372213627,7215.739
0,-0.23935574932157425,-1.2446691736377344,0,0,1,1,0.1606872713420716,1.1887937204748438,122.6513
0,0.7734935276146535,-1.2446691736377344,0,0,1,1,0.9513333986910694,1.1849880653942553,15177.73
0,-0.5432105324024425,-0.48310776595106886,0,0,1,1,0.17400600566144603,1.1703087196441306,4742.025
0,0.36835381684016244,-3.148572692854398,0,1,1,1,-0.2001282537976583,1.1480180637328292,9732.307
0,1.2799181660827674,1.8015764571089277,0,0,1,0,0.9809980490328369,1.134969756399385,6238.962
0,1.9889126599381268,-2.7677919890110654,0,0,1,1,0.6937377555358106,1.1317076795660244,6145.865
0,-0.13807082162795148,-0.8638884697944016,0,1,0,1,-0.21465776810103587,1.1197468324020332,11136.15
0,1.482488021470013,-1.2446691736377344,0,0,1,1,0.9909861728003243,1.0996307931546394,9241.702
0,2.5966222260998637,0.6592343455789293,0,0,0,0,1.9384303937648193,1.0903884445767824,19965.56
0,0.26706888914653965,2.563137864795593,1,0,0,0,2.050125890132652,1.0207976745817458,14421.13
0,0.06449903375929408,-0.10232706210773612,0,0,1,1,0.9050203304500837,1.0202540963345186,10289.41
0,1.887627732244504,0.2784536417355966,0,0,1,1,1.575193308657083,0.9457705147644389,0.0
0,0.06449903375929408,0.6592343455789293,0,0,0,0,0.5714478956841152,0.9397899393449443,21602.88
0,-0.0367858939343287,0.6592343455789293,0,1,1,0,2.015617810864191,0.9223923986836844,25564.67
0,-0.23935574932157425,-0.10232706210773612,0,0,1,1,-0.03425000553117091,0.9098879732724662,12418.81
0,1.077348310695522,-0.8638884697944016,0,0,1,1,1.0327586229821228,0.9077130529335597,0.0
0,-0.13807082162795148,0.6592343455789293,0,1,0,0,0.5269513836574856,0.888140895608392,4181.966
0,2.6979071537934862,0.6592343455789293,0,0,0,0,0.402845431077456,0.8587822041081428,0.0
0,1.077348310695522,-0.8638884697944016,0,1,1,1,2.788405049320649,0.8484523953608321,8720.065
0,-0.4419256047088198,2.563137864795593,0,0,0,0,-0.7041197093846422,0.8174629691189008,16747.08
0,-0.4419256047088198,-0.8638884697944016,0,0,1,1,-0.1486695637438353,0.8142008922855397,2782.559
0,-0.4419256047088198,0.6592343455789293,0,0,1,0,1.102077592386551,0.7832111623686099,14065.0
0,-0.23935574932157425,0.6592343455789293,0,1,1,0,0.6471223399133403,0.7826675841213825,379.7757
0,-0.23935574932157425,1.8015764571089277,0,0,1,0,0.43705023599238907,0.7755998522074332,12705.49
0,0.9760633830018991,0.2784536417355966,0,1,0,1,-0.6090726618150951,0.7679882383712578,0.0
0,1.2799181660827674,0.6592343455789293,0,0,1,0,2.1370001650854116,0.760376928210081,21857.05
0,-0.8470653154833109,-0.10232706210773612,0,0,0,1,0.1885355199648236,0.7554838129600396,135.9508
0,2.09019758763175,-1.2446691736377344,0,0,1,1,1.354828879643073,0.7446101222905034,0.0
0,-0.8470653154833109,0.6592343455789293,0,0,0,0,0.6138256586102447,0.7397173107154603,0.0
0,-1.1509200985641792,-0.48310776595106886,0,0,0,1,-0.31182359567015094,0.7272125816292435,0.0
0,0.16578396145291685,-0.10232706210773612,0,0,1,1,-0.5939377884187842,0.7157953127124798,7781.708
0,0.26706888914653965,2.1823571609522605,0,0,0,0,-0.22616025519673547,0.6935046568011785,15538.29
0,-0.5432105324024425,0.2784536417355966,0,0,1,1,0.6495438998813466,0.6918736183844979,10642.59
0,-0.5432105324024425,-0.10232706210773612,0,0,0,1,1.9638572369149054,0.6728450393065575,2453.026
0,1.9889126599381268,-0.10232706210773612,1,0,1,1,1.352407937656429,0.6717575791371043,19330.14
0,-0.23935574932157425,0.6592343455789293,0,1,1,0,-0.3538985477287743,0.6608841921425663,3020.473
0,1.9889126599381268,-0.10232706210773612,1,0,0,1,2.6821586036145217,0.6494669232258028,19438.02
0,-0.340640677015197,0.6592343455789293,1,0,1,0,0.6204850257699321,0.6402245746479457,0.0
0,-0.7457803877896881,0.6592343455789293,1,0,1,0,-0.2948725213987672,0.6342439992284509,0.0
0,0.06449903375929408,0.6592343455789293,1,0,0,0,1.8794039039487902,0.628263423808956,7314.747
0,1.9889126599381268,0.2784536417355966,0,0,0,1,0.5411782415886977,0.6217395738172325,3358.873
0,2.2927674430189953,-3.9101341005410637,0,0,1,1,0.8659731780758412,0.6173900368144183,220.1813
0,-0.9483502431769337,0.6592343455789293,0,0,0,0,-0.361466038500299,0.6092348447310159,8957.978
0,-0.6444954600960654,0.6592343455789293,0,0,0,0,0.7890874903765913,0.5847695721558064,1687.564
0,1.9889126599381268,0.2784536417355966,0,0,1,1,2.992121060435441,0.5804200351529921,17358.85
0,-0.6444954600960654,0.6592343455789293,0,0,0,0,-0.26732708364352137,0.5684591879890013,5937.505
0,0.6722085999210308,0.2784536417355966,0,0,1,1,-0.7041197093846422,0.5543237241611023,18133.18
0,-0.8470653154833109,0.6592343455789293,0,0,1,0,0.19458941988483908,0.5265960710775336,1066.919
0,1.6850578768572586,1.0400150494222622,0,0,1,0,0.5369404343970164,0.5151788021607699,3104.704
0,-0.6444954600960654,1.8015764571089277,0,0,1,0,0.3698514061465261,0.5146352239135425,0.0
0,-0.7457803877896881,0.6592343455789293,1,0,0,0,0.08380204712884325,0.503217954996779,12718.79
0,2.394052370712618,0.2784536417355966,0,0,0,1,-0.6965522695965798,0.4945191846661491,1525.014
0,0.06449903375929408,1.0400150494222622,0,0,0,0,0.1086232685439174,0.48745145275219953,9253.524
0,-0.340640677015197,1.8015764571089277,0,0,0,0,1.2652308518361637,0.47331598892430077,0.0
0,0.06449903375929408,-0.8638884697944016,0,1,1,1,0.57901538645564,0.4657043750881255,0.0
0,-0.7457803877896881,0.2784536417355966,0,0,1,1,0.19549754349667647,0.4091619124265332,11075.56
0,0.16578396145291685,0.6592343455789293,0,0,1,0,1.503453397266011,0.4004631420959033,8133.407
0,-0.4419256047088198,0.6592343455789293,0,0,1,0,1.5125346333843854,0.39393898842918124,3818.445
0,-0.7457803877896881,0.2784536417355966,1,0,0,1,-0.7041197093846422,0.3933954101819539,5495.665
0,1.482488021470013,-1.2446691736377344,0,0,1,1,-0.03606609825950527,0.38632767826800435,9856.436
0,1.5837729491636359,0.6592343455789293,0,0,1,0,1.5095080696627292,0.3852402180985513,18781.9
0,-0.0367858939343287,1.0400150494222622,0,0,0,0,1.830669893721161,0.3770850260151487,5344.937
0,-0.0367858939343287,-2.3870112851677328,0,1,1,1,-0.6072564763895565,0.3721922144401056,3367.739
0,-0.23935574932157425,0.6592343455789293,0,0,1,0,2.6128411791634996,0.37056117602342503,7981.201
0,-0.9483502431769337,0.6592343455789293,0,0,0,0,0.026592268022511124,0.34718305994267046,12602.05
0,0.36835381684016244,2.1823571609522605,0,0,1,0,3.2914882268004546,0.32489210035637056,25564.67
0,-0.0367858939343287,0.6592343455789293,0,0,1,0,-0.0793518303021317,0.3178243684424212,7240.86
0,-0.9483502431769337,0.2784536417355966,0,0,0,1,-0.7041197093846422,0.3161933300257406,15814.63
0,-0.340640677015197,-1.2446691736377344,0,0,1,1,0.5103029657582676,0.3123876749451522,0.0
0,-0.4419256047088198,0.6592343455789293,0,0,1,0,0.5096976530139363,0.3123876749451522,5535.564
0,2.2927674430189953,0.6592343455789293,0,0,1,0,2.3749198996477525,0.3053199430312028,18597.19
0,-0.8470653154833109,0.6592343455789293,0,0,0,0,-0.6886821317226101,0.29988324953393397,15436.33
0,-0.4419256047088198,-0.10232706210773612,0,0,1,1,1.7386493789742021,0.2917280574505314,6398.556
0,2.394052370712618,0.6592343455789293,0,0,1,0,2.540495646037415,0.2900970190338508,16015.6
0,-0.8470653154833109,0.2784536417355966,1,0,0,1,0.16220086219358082,0.2640004043669625,94.5745
0,-0.7457803877896881,-0.10232706210773612,0,0,1,1,-0.22525213158489799,0.23844767162230002,21141.83
0,-0.7457803877896881,0.2784536417355966,0,1,0,1,-0.2609703728559997,0.23790409337507268,7403.41
0,-0.6444954600960654,0.6592343455789293,0,0,0,0,0.5517726050725597,0.22920532304444274,0.0
0,1.1786332383891447,-0.10232706210773612,0,0,1,1,-0.7041197093846422,0.21289493887763755,18761.22
0,0.8747784553082764,-2.0062305813243997,0,0,0,1,-0.11476756969640844,0.2090892837970491,2751.527
0,-0.8470653154833109,-0.48310776595106886,1,0,0,1,-0.5373333375063173,0.2090892837970491,14344.29
0,1.482488021470013,-1.625449877481067,0,1,1,1,-0.32938013718120646,0.19658455471083236,1907.745
0,-0.7457803877896881,-1.2446691736377344,0,0,0,1,-0.4102003577186096,0.18462370754684135,6098.578
0,-0.4419256047088198,0.6592343455789293,0,0,1,0,0.06140254017711599,0.1780995538801193,0.0
0,0.7734935276146535,0.6592343455789293,0,0,1,0,-0.4770965311923071,0.16233305163553996,0.0
0,-0.9483502431769337,0.6592343455789293,0,0,0,0,-0.567905787019707,0.15526531972159058,12120.31
0,1.5837729491636359,-0.8638884697944016,0,0,1,1,2.129130172437062,0.14874116605486853,6395.601
0,0.9760633830018991,1.4207957532655948,0,0,1,0,2.154254204719642,0.13786747538533217,13429.58
0,-0.340640677015197,-0.10232706210773612,0,0,1,1,0.02507883166634237,0.11557681947403081,2173.736
0,2.394052370712618,0.6592343455789293,0,0,0,0,2.5005400610606534,0.10742162739062822,1019.631
0,-0.5432105324024425,0.2784536417355966,0,1,0,1,0.4300882124605362,0.10633447089617352,14187.65
0,-0.8470653154833109,0.6592343455789293,0,0,0,0,-0.6520557220360219,0.10144135564613188,7118.209
0,2.4953372984062407,-3.9101341005410637,0,1,1,1,-0.584554158570323,0.09763570056554359,0.0
0,-0.6444954600960654,0.6592343455789293,0,0,0,0,-0.2555219401756562,0.08241277656819146,4787.834
0,-0.340640677015197,0.6592343455789293,0,0,0,0,0.8075520010041436,0.06936446923474737,0.0
0,0.7734935276146535,-0.8638884697944016,0,0,1,1,-0.3578336985482898,0.06501493223193322,9460.406
0,-0.7457803877896881,1.0400150494222622,0,0,0,0,-0.7041197093846422,0.050879468404034296,0.0
0,-1.0496351708705565,-1.2446691736377344,1,0,0,1,-0.5412683338304921,0.03076342915664081,1613.677
0,-0.9483502431769337,-0.10232706210773612,1,0,0,1,-0.6559907956078671,0.030219850909413464,8154.095
0,0.06449903375929408,0.6592343455789293,1,0,0,0,0.2669341805342207,0.021520776903785014,7310.313
0,-0.23935574932157425,1.4207957532655948,0,1,1,0,-0.4534860897612361,0.01662796532874189,1892.968
0,1.2799181660827674,0.6592343455789293,0,1,0,0,1.3996278935465274,0.013365888495380934,876.2919
0,2.2927674430189953,-2.7677919890110654,0,0,1,1,-0.2195008880370482,0.005754274659205685,13976.34
0,2.09019758763175,-0.8638884697944016,0,0,1,1,1.7755784002293067,-0.020885918254909985,11600.15
0,-1.0496351708705565,-1.2446691736377344,0,1,0,1,-0.7041197093846422,-0.03121572700222047,6460.621
0,0.26706888914653965,0.6592343455789293,0,0,1,0,0.43099633607237375,-0.03175930524944781,14475.81
0,0.26706888914653965,-1.2446691736377344,0,0,1,1,-0.6154293108044805,-0.05296280466629457,366.4762
0,-0.5432105324024425,0.2784536417355966,0,0,1,1,-0.23584649506876013,-0.06329261341360498,0.0
0,-0.0367858939343287,0.6592343455789293,0,0,1,0,1.0715045094422646,-0.0844958091554533,13419.24
0,-0.23935574932157425,-0.48310776595106886,0,0,1,1,2.907667727469326,-0.08612684757213378,1898.879
0,-0.6444954600960654,1.4207957532655948,0,0,0,0,-0.6917091079468256,-0.08938892440549487,6389.69
0,-1.0496351708705565,-0.10232706210773612,0,0,0,1,-0.7041197093846422,-0.08993280632772066,19993.64
0,1.1786332383891447,-1.2446691736377344,0,0,0,1,0.49880047866256805,-0.10352469190839217,9206.237
0,-0.9483502431769337,-0.48310776595106886,1,0,0,1,-0.521290386846771,-0.11004884557511421,803.8833
0,-0.23935574932157425,0.6592343455789293,0,0,1,0,-0.28367269067523326,-0.1307084630697351,1037.364
0,-0.7457803877896881,-0.8638884697944016,0,0,1,1,-0.33936918792073734,-0.13451411815032355,0.0
0,-0.8470653154833109,1.0400150494222622,0,0,0,0,-0.3384610643088999,-0.1443003486504066,0.0
0,-0.8470653154833109,0.2784536417355966,0,0,0,1,-0.7041197093846422,-0.1491934639004482,9853.481
0,-0.5432105324024425,0.6592343455789293,0,0,0,0,0.8620381817516664,-0.15354269722826389,25564.67
0,-0.9483502431769337,0.2784536417355966,1,0,0,1,-0.38447101269169814,-0.17039665964229642,20243.38
0,-0.6444954600960654,-0.10232706210773612,0,0,0,1,-0.43108642831416827,-0.19105658081191584,7675.312
0,-0.340640677015197,0.6592343455789293,0,0,1,0,0.4767036280830064,-0.19377477572305107,3262.82
0,-0.9483502431769337,0.2784536417355966,0,0,0,1,-0.5073663397830652,-0.19812431272586523,12489.75
0,-1.0496351708705565,-0.10232706210773612,0,0,0,1,-0.6163374035172499,-0.20029892938977312,6231.573
0,-1.0496351708705565,-0.10232706210773612,0,0,0,1,-0.7041197093846422,-0.20682308305649516,7843.773
0,-0.9483502431769337,-0.10232706210773612,0,0,0,1,-0.7041197093846422,-0.2106287381370836,237.914
0,2.5966222260998637,-0.10232706210773612,0,1,0,1,0.51302733659378,-0.2111726200593094,13170.98
0,-0.9483502431769337,0.2784536417355966,1,0,0,1,-0.5200796068627679,-0.21443469689267042,3683.972
0,-1.0496351708705565,-0.10232706210773612,0,1,0,1,-0.7041197093846422,-0.22204600705384722,6918.716
0,-0.13807082162795148,0.6592343455789293,1,0,0,0,-0.7041197093846422,-0.2236770454705277,0.0
0,1.1786332383891447,-2.0062305813243997,0,0,1,1,1.3169914257854496,-0.22802658247334193,18323.81
0,-0.9483502431769337,0.6592343455789293,1,0,0,0,-0.4601454569209234,-0.23563789263451873,3057.416
0,-0.4419256047088198,1.0400150494222622,0,0,0,0,-0.6111915499614016,-0.23998742963733288,4975.505
0,-0.9483502431769337,-0.8638884697944016,0,0,0,1,0.07199690366097819,-0.24107458613178764,6756.166
0,0.06449903375929408,-0.10232706210773612,0,0,1,1,0.46671457734347555,-0.2432495064706939,2404.261
0,0.4696387445337852,-2.3870112851677328,0,0,1,1,-0.7041197093846422,-0.24488054488737446,0.0
0,-0.9483502431769337,0.2784536417355966,1,0,0,1,-0.7041197093846422,-0.24814262172073548,33.98771
0,1.2799181660827674,-0.10232706210773612,0,0,1,1,-0.4655940440966075,-0.2557539318819123,0.0
0,-0.6444954600960654,1.4207957532655948,0,0,0,0,0.6023231715145453,-0.25955958696250064,16967.26
0,0.16578396145291685,-0.10232706210773612,0,1,0,1,-0.12748083677611113,-0.26173450730140696,6694.101
0,0.36835381684016244,-1.625449877481067,0,0,0,1,-0.29214830505859546,-0.26227808554863435,0.0
0,1.887627732244504,-1.2446691736377344,0,0,1,1,2.257776897571619,-0.2633655457180875,0.0
0,-0.7457803877896881,-0.48310776595106886,0,1,1,1,-0.7041197093846422,-0.27369535446539794,0.0
0,0.8747784553082764,2.9439185686389258,0,0,1,0,-0.1983120065739834,-0.2780445877932137,18227.76
0,1.7863428045508813,0.6592343455789293,0,0,1,0,1.8542798716662101,-0.2791320479626669,7987.112
0,-1.1509200985641792,-0.10232706210773612,0,0,0,1,-0.5455061410221732,-0.29163647337388526,6847.785
0,-0.9483502431769337,0.6592343455789293,0,0,0,0,-0.5775921195889361,-0.29652958862392675,2232.845
0,1.2799181660827674,0.6592343455789293,0,1,0,0,1.1293197557882688,-0.3003355473795136,3873.121
0,-1.1509200985641792,-0.48310776595106886,0,0,0,1,-0.7041197093846422,-0.3025101640434215,2451.548
0,-1.1509200985641792,-0.10232706210773612,0,0,0,1,-0.6154293108044805,-0.30468478070732935,5578.418
0,0.06449903375929408,-2.0062305813243997,0,1,1,1,0.9903820960187176,-0.3057722408767825,239.3917
0,-0.7457803877896881,0.6592343455789293,0,0,0,0,-0.7041197093846422,-0.31501458945463984,15554.55
0,-0.8470653154833109,-0.8638884697944016,0,0,1,1,-0.698065756936211,-0.31827666628800083,5327.204
0,-1.1509200985641792,-0.8638884697944016,0,0,0,1,-0.7041197093846422,-0.3253443982019503,542.3257
0,-0.7457803877896881,0.2784536417355966,0,0,1,1,-0.31061281568614785,-0.3296939352047645,0.0
0,0.7734935276146535,-0.10232706210773612,0,0,1,1,0.06291597653328475,-0.3334995902853528,1745.195
0,0.4696387445337852,-1.625449877481067,0,1,1,1,-0.552770913623396,-0.3487225142827049,0.0
0,0.4696387445337852,2.1823571609522605,1,0,0,0,1.9432738226915125,-0.35035355269938534,0.0
0,-1.0496351708705565,-0.48310776595106886,1,0,0,1,-0.7041197093846422,-0.36557653743173707,8900.347
0,-1.1509200985641792,-1.2446691736377344,0,0,0,1,-0.7041197093846422,-0.36720757584841757,4728.725
0,0.4696387445337852,1.8015764571089277,0,0,0,0,-0.6284453115040192,-0.36938228361482506,7684.178
0,-0.8470653154833109,0.6592343455789293,0,0,0,0,-0.5781975095809376,-0.3704696223142788,12059.73
0,1.2799181660827674,0.6592343455789293,0,0,1,0,1.899381696437171,-0.37155699138123244,17717.94
0,2.2927674430189953,-1.2446691736377344,0,0,1,1,1.0684779457206084,-0.37318799943041314,0.0
0,1.1786332383891447,0.2784536417355966,0,0,0,1,-0.7041197093846422,-0.3807994917965889,0.0
0,-0.9483502431769337,-0.8638884697944016,0,1,0,1,-0.7041197093846422,-0.38949829249471873,1306.31
0,1.1786332383891447,-0.10232706210773612,1,0,0,1,-0.5736570460170909,-0.3933040386778066,701.9201
0,-1.0496351708705565,0.2784536417355966,0,1,0,1,-0.7041197093846422,-0.39819712356034836,7759.542
0,-1.0496351708705565,-2.0062305813243997,1,0,0,1,-0.6892875278944252,-0.399828131609529,0.0
0,-0.8470653154833109,0.6592343455789293,0,0,0,0,-0.32938013718120646,-0.40200283937593645,2587.499
0,-0.0367858939343287,1.8015764571089277,0,0,0,0,-0.7041197093846422,-0.4030902084428901,3392.86
0,-0.9483502431769337,0.2784536417355966,1,0,0,1,-0.6133104381077081,-0.4079832933254318,7933.914
0,-0.7457803877896881,1.4207957532655948,0,0,1,0,-0.7041197093846422,-0.418856801789969,1454.083
0,-0.7457803877896881,0.6592343455789293,0,0,1,0,1.1723019044866863,-0.4232062173227838,13683.75
0,-0.8470653154833109,1.0400150494222622,1,0,0,0,-0.4392593863253647,-0.42483725573946435,9067.33
0,-0.340640677015197,-0.8638884697944016,0,0,1,1,-0.6711256690041781,-0.43244871773814036,2340.719
0,-0.0367858939343287,0.6592343455789293,0,0,1,0,-0.05180639254688585,-0.4351670948542746,0.0
0,-0.8470653154833109,-0.48310776595106886,0,0,0,1,-0.584554158570323,-0.45800151121780247,5647.871
0,2.4953372984062407,-0.8638884697944016,1,0,1,1,0.13859042076250996,-0.46126355768366367,0.0
0,-0.9483502431769337,0.2784536417355966,0,1,0,1,-0.7041197093846422,-0.47213709651570074,0.0
0,-1.1509200985641792,-0.10232706210773612,0,1,0,1,-0.7041197093846422,-0.47213709651570074,3892.332
0,-0.9483502431769337,0.6592343455789293,0,1,0,0,-0.7041197093846422,-0.47213709651570074,4843.988
0,1.7863428045508813,0.6592343455789293,0,0,0,0,-0.013061124068106066,-0.47866118944742314,0.0
0,-0.6444954600960654,1.4207957532655948,0,0,0,0,0.7957468575362784,-0.48301060498023796,2256.488
0,0.8747784553082764,-0.8638884697944016,0,0,1,1,-0.28458081428707077,-0.4857289820963722,0.0
0,-0.6444954600960654,1.0400150494222622,0,0,0,0,-0.6248129406529417,-0.48790368986277965,0.0
0,1.3812030937763902,-1.2446691736377344,0,0,1,1,2.3198299511093046,-0.49170943604586753,0.0
0,-0.9483502431769337,-1.2446691736377344,0,0,0,1,-0.6281426087832513,-0.49388414381227497,642.8111
0,1.1786332383891447,-0.48310776595106886,0,0,0,1,1.0309433027304913,-0.5004082367439974,5752.79
0,-0.8470653154833109,-2.7677919890110654,0,0,1,1,-0.7041197093846422,-0.5004082367439974,0.0
0,0.4696387445337852,1.0400150494222622,0,0,1,0,1.23526339062689,-0.5042139829270853,15353.58
0,-1.1509200985641792,-0.48310776595106886,0,0,0,1,-0.7041197093846422,-0.5161748604585761,4112.513
0,-1.1509200985641792,-1.2446691736377344,0,0,0,1,-0.602413325554476,-0.5178058685077567,6210.885
0,-0.6444954600960654,-0.48310776595106886,1,0,0,1,-0.5449008282778419,-0.5205242759913908,1223.558
0,-0.5432105324024425,0.6592343455789293,0,0,1,0,1.1647347227058427,-0.5210679453411178,14289.62
0,-0.4419256047088198,0.2784536417355966,0,1,1,1,0.67799746124843,-0.5210679453411178,4776.012
0,-1.0496351708705565,-0.8638884697944016,1,0,0,1,-0.7041197093846422,-0.5265046995733864,0.0
0,-0.6444954600960654,-0.8638884697944016,0,0,1,1,0.1764275656294522,-0.5455333697538264,8844.194
0,-0.9483502431769337,-0.10232706210773612,0,0,0,1,-0.7041197093846422,-0.5460770391035532,0.0
0,-0.340640677015197,0.6592343455789293,0,0,1,0,0.6943432227754824,-0.5640183705845394,8547.171
0,-0.340640677015197,0.6592343455789293,1,0,1,0,-0.05029295619071723,-0.5661930783509468,1273.8
0,-1.1509200985641792,-0.48310776595106886,0,0,0,1,-0.7041197093846422,-0.5661930783509468,3707.616
0,-0.7457803877896881,-0.8638884697944016,0,0,1,1,-0.6081645691023259,-0.5705424635162618,5551.819
0,1.482488021470013,-0.8638884697944016,0,0,0,1,2.0652602536943396,-0.5721735019329423,14116.72
0,-1.0496351708705565,-0.8638884697944016,0,1,0,1,-0.6435801849003301,-0.5721735019329423,18891.26
0,-0.8470653154833109,-0.8638884697944016,0,1,0,1,-0.6472125557514075,-0.5721735019329423,18510.0
0,-1.0496351708705565,-0.48310776595106886,1,0,0,1,-0.7041197093846422,-0.573260870999896,54.67588
0,-0.6444954600960654,1.4207957532655948,0,0,0,0,-0.6874713378340263,-0.5743482096993496,7698.955
0,-1.1509200985641792,-0.48310776595106886,1,0,0,1,-0.7041197093846422,-0.5792412945818914,3983.951
0,-0.4419256047088198,1.0400150494222622,1,0,0,0,-0.6774823179935635,-0.580872332998572,582.2243
0,-1.1509200985641792,-0.48310776595106886,0,0,0,1,-0.6405532194907884,-0.5863090872308405,1725.985
0,-1.0496351708705565,0.2784536417355966,0,1,0,1,-0.5800136950064763,-0.587940125647521,5173.521
0,1.887627732244504,-1.2446691736377344,0,0,0,1,-0.5370306811341516,-0.5890274643469748,0.0
0,0.4696387445337852,-0.10232706210773612,0,0,1,1,-0.06361153601475106,-0.5912021721133822,8245.714
0,-0.9483502431769337,0.2784536417355966,0,0,0,1,-0.6838389669829488,-0.5971825956953777,7503.896
0,-0.4419256047088198,0.6592343455789293,0,1,1,0,-0.7041197093846422,-0.5977262954126045,0.0
0,-0.9483502431769337,-0.10232706210773612,0,0,1,1,-0.7041197093846422,-0.5993573034617851,14053.18
0,-0.8470653154833109,-0.10232706210773612,1,0,0,1,-0.5409656774583265,-0.6009883418784656,0.0
0,-1.1509200985641792,-1.2446691736377344,1,0,0,1,-0.6835362797117152,-0.6009883418784656,6145.865
0,-0.13807082162795148,-1.2446691736377344,0,0,1,1,-0.466502167708445,-0.6058814267610073,650.1997
0,-1.1509200985641792,-0.10232706210773612,0,0,0,1,-0.7041197093846422,-0.6058814267610073,2136.793
0,-1.0496351708705565,-0.10232706210773612,0,0,0,1,-0.7041197093846422,-0.6080561345274147,6423.677
0,-1.0496351708705565,-0.10232706210773612,0,0,0,1,-0.7041197093846422,-0.611318180993276,1483.637
0,-0.4419256047088198,-0.8638884697944016,0,0,1,1,-0.6989738496489803,-0.6129492194099565,0.0
0,0.16578396145291685,0.6592343455789293,0,0,1,0,1.5579392690228526,-0.6140365581094103,9473.705
0,-1.0496351708705565,-0.10232706210773612,0,0,0,1,-0.7041197093846422,-0.6172986349427713,10301.23
0,2.1914825153253723,-0.8638884697944016,0,0,1,1,1.5645980182011776,-0.622191719825313,14963.46
0,-0.7457803877896881,-0.10232706210773612,0,0,1,1,0.30991725620468147,-0.6227353891750399,15363.92
0,1.2799181660827674,2.1823571609522605,0,0,1,0,-0.7041197093846422,-0.6287158431245351,0.0
0,-0.8470653154833109,-0.10232706210773612,0,0,0,1,-0.40535723778259725,-0.629259512474262,675.321
0,-0.9483502431769337,0.2784536417355966,0,0,0,1,-0.47528028396863214,-0.6461134688147946,1421.573
0,-1.1509200985641792,-1.625449877481067,1,0,0,1,-0.7041197093846422,-0.6499192028508826,0.0
0,-0.5432105324024425,-0.8638884697944016,0,0,1,1,-0.687774040554794,-0.6504628782741095,209.8372
0,0.36835381684016244,0.6592343455789293,1,0,1,0,-0.7041197093846422,-0.6504628782741095,11023.84
0,-0.7457803877896881,0.2784536417355966,0,0,1,1,-0.012153000456268659,-0.6515502291205633,6280.338
0,-1.0496351708705565,0.2784536417355966,0,1,0,1,-0.6111915499614016,-0.6602490480391929,1913.656
0,2.2927674430189953,0.6592343455789293,0,0,1,0,3.2914882268004546,-0.663511106652054,25564.67
0,2.1914825153253723,1.4207957532655948,0,0,1,0,3.2914882268004546,-0.663511106652054,25564.67
0,1.9889126599381268,-0.48310776595106886,0,0,1,1,3.2914882268004546,-0.663511106652054,25564.67
0,0.6722085999210308,0.2784536417355966,0,1,1,1,2.7254435631804457,-0.663511106652054,0.0
0,-0.5432105324024425,-0.8638884697944016,1,0,1,1,1.916332925203895,-0.663511106652054,959.0445
0,-0.0367858939343287,0.6592343455789293,0,0,1,0,1.6920350448191157,-0.663511106652054,12593.19
0,0.26706888914653965,-0.10232706210773612,0,0,1,1,1.600014530072157,-0.663511106652054,11563.21
0,2.4953372984062407,0.6592343455789293,0,0,1,0,1.579431115848764,-0.663511106652054,25564.67
0,1.5837729491636359,0.6592343455789293,0,0,1,0,1.3539204470405541,-0.663511106652054,16860.86
0,-0.0367858939343287,-0.48310776595106886,0,1,1,1,1.277944273411207,-0.663511106652054,0.0
0,0.7734935276146535,1.0400150494222622,0,0,0,0,0.7694121997650356,-0.663511106652054,11269.14
0,1.7863428045508813,0.6592343455789293,0,0,1,0,0.7291533404347468,-0.663511106652054,12108.49
0,-0.5432105324024425,0.2784536417355966,1,0,1,1,0.694040411907976,-0.663511106652054,9088.018
0,-0.5432105324024425,0.6592343455789293,0,0,1,0,0.6898027592116358,-0.663511106652054,3342.618
0,-0.4419256047088198,0.2784536417355966,0,0,1,1,0.6725488740727459,-0.663511106652054,4183.444
0,2.799192081487109,-1.2446691736377344,0,0,1,1,0.6604410742327149,-0.663511106652054,0.0
0,-0.13807082162795148,1.4207957532655948,0,0,0,0,0.5953609934873517,-0.663511106652054,0.0
0,0.6722085999210308,0.6592343455789293,0,0,0,0,0.5511671378328878,-0.663511106652054,6032.08
0,-0.5432105324024425,0.2784536417355966,0,0,0,1,0.5339134071893386,-0.663511106652054,5748.356
0,0.36835381684016244,0.6592343455789293,0,0,0,0,0.24695607905515887,-0.663511106652054,4094.78
0,-0.8470653154833109,0.6592343455789293,0,0,0,0,0.1915623926771611,-0.663511106652054,2160.436
0,-0.340640677015197,-0.10232706210773612,0,0,1,1,0.14918478424637202,-0.663511106652054,5040.525
0,0.8747784553082764,0.6592343455789293,0,0,1,0,0.12617981005497295,-0.663511106652054,0.0
0,-0.7457803877896881,-0.48310776595106886,0,0,1,1,0.10378014860790509,-0.663511106652054,15892.95
0,-0.4419256047088198,-0.8638884697944016,0,0,1,1,0.00812775739495864,-0.663511106652054,0.0
0,0.7734935276146535,0.2784536417355966,0,0,1,1,-0.08994634828133442,-0.663511106652054,21963.45
0,-0.4419256047088198,0.6592343455789293,0,0,0,0,-0.10265961536103704,-0.663511106652054,16324.45
0,0.16578396145291685,-0.10232706210773612,0,0,0,1,-0.12445380956843309,-0.663511106652054,251.2135
0,-0.340640677015197,-0.48310776595106886,0,0,1,1,-0.1728854724145781,-0.663511106652054,818.6605
0,-0.9483502431769337,-0.10232706210773612,0,0,0,1,-0.18499327225460893,-0.663511106652054,0.0
0,1.7863428045508813,-0.8638884697944016,1,0,0,1,-0.1943770102498085,-0.663511106652054,31.03226
0,-0.6444954600960654,1.0400150494222622,0,1,0,0,-0.2382680550367663,-0.663511106652054,17627.8
0,0.16578396145291685,1.0400150494222622,0,0,1,0,-0.2745917635475399,-0.663511106652054,14339.86
0,-0.6444954600960654,1.8015764571089277,0,0,0,0,-0.29789954860644524,-0.663511106652054,1717.118
0,-0.5432105324024425,2.1823571609522605,1,0,0,0,-0.30788859934597607,-0.663511106652054,116.7404
0,-0.340640677015197,0.6592343455789293,1,0,1,0,-0.3402771570372342,-0.663511106652054,2448.593
0,-0.7457803877896881,1.4207957532655948,0,0,0,0,-0.3626768184843021,-0.663511106652054,2813.591
0,-0.8470653154833109,-1.625449877481067,1,0,0,1,-0.4020275542027537,-0.663511106652054,14998.92
0,-0.8470653154833109,-0.48310776595106886,0,1,0,1,-0.42261096842614665,-0.663511106652054,3372.172
0,-0.8470653154833109,0.6592343455789293,1,0,0,0,-0.44440516263354274,-0.663511106652054,0.0
0,-0.7457803877896881,1.0400150494222622,0,0,0,0,-0.44803750258555197,-0.663511106652054,913.235
0,-0.8470653154833109,0.6592343455789293,1,0,0,0,-0.4483403134530582,-0.663511106652054,0.0
0,-0.13807082162795148,-2.0062305813243997,0,0,1,1,-0.4610535805327608,-0.663511106652054,3700.227
0,-0.13807082162795148,-0.48310776595106886,0,1,0,1,-0.46256701688892954,-0.663511106652054,2862.356
0,-0.4419256047088198,0.6592343455789293,0,0,0,0,-0.4716479440166229,-0.663511106652054,0.0
0,-0.7457803877896881,-0.48310776595106886,0,1,0,1,-0.4722534112562948,-0.663511106652054,12618.31
0,-0.7457803877896881,-0.10232706210773612,0,0,0,1,-0.4858748019478348,-0.663511106652054,6290.682
0,0.8747784553082764,0.2784536417355966,0,0,1,1,-0.48708558193183793,-0.663511106652054,0.0
0,1.1786332383891447,0.6592343455789293,0,0,1,0,-0.5049446253197185,-0.663511106652054,1202.869
0,-1.0496351708705565,-0.48310776595106886,1,0,0,1,-0.5152364869267555,-0.663511106652054,422.6298
0,2.799192081487109,-2.7677919890110654,0,0,0,1,-0.5173552360272555,-0.663511106652054,0.0
0,0.06449903375929408,-0.8638884697944016,0,0,1,1,-0.5182633596390931,-0.663511106652054,19516.33
0,-0.8470653154833109,0.6592343455789293,0,1,0,0,-0.5406630210861609,-0.663511106652054,8923.991
0,0.9760633830018991,-1.2446691736377344,0,0,1,1,-0.5551924890409363,-0.663511106652054,0.0
0,-1.1509200985641792,-0.48310776595106886,0,0,1,1,-0.5618518407510895,-0.663511106652054,15997.87
0,-1.0496351708705565,-0.10232706210773612,0,0,0,1,-0.6042295109800148,-0.663511106652054,9438.24
0,-0.340640677015197,0.6592343455789293,1,0,0,0,-0.6166401062380177,-0.663511106652054,2284.565
0,-0.8470653154833109,0.2784536417355966,0,0,0,1,-0.6205751798098629,-0.663511106652054,3406.16
0,2.2927674430189953,-2.0062305813243997,1,0,1,1,-0.6405532194907884,-0.663511106652054,9166.338
0,-0.8470653154833109,-0.48310776595106886,1,0,0,1,-0.6447909803338672,-0.663511106652054,0.0
0,0.8747784553082764,-3.5293533966977306,1,0,0,1,-0.6502395366104833,-0.663511106652054,0.0
0,-0.9483502431769337,0.2784536417355966,0,0,0,1,-0.6544772974535621,-0.663511106652054,7722.599
0,-1.1509200985641792,-1.2446691736377344,0,1,0,1,-0.6593204637381768,-0.663511106652054,7515.717
0,-0.6444954600960654,0.2784536417355966,0,0,1,1,-0.66597981544833,-0.663511106652054,6708.879
0,2.799192081487109,-1.625449877481067,0,0,1,1,-0.6868659478420246,-0.663511106652054,0.0
0,0.9760633830018991,0.6592343455789293,0,0,0,0,-0.6965522695965798,-0.663511106652054,877.7696
0,-0.13807082162795148,0.6592343455789293,0,1,1,0,-0.6968549676824874,-0.663511106652054,0.0
0,2.6979071537934862,0.6592343455789293,0,0,1,0,-0.7041197093846422,-0.663511106652054,0.0
0,2.2927674430189953,0.6592343455789293,0,0,1,0,-0.7041197093846422,-0.663511106652054,0.0
0,-1.1509200985641792,-0.8638884697944016,0,0,0,1,-0.7041197093846422,-0.663511106652054,2559.422
0,-1.1509200985641792,-0.48310776595106886,0,1,0,1,-0.7041197093846422,-0.663511106652054,0.0
0,-0.9483502431769337,-0.10232706210773612,1,0,0,1,-0.7041197093846422,-0.663511106652054,2281.61
0,1.2799181660827674,0.2784536417355966,1,0,1,1,-0.7041197093846422,-0.663511106652054,0.0
0,-1.1509200985641792,-0.8638884697944016,0,0,0,1,-0.7041197093846422,-0.663511106652054,0.0
0,-1.1509200985641792,-0.48310776595106886,1,0,0,1,-0.7041197093846422,-0.663511106652054,2158.959
0,-0.13807082162795148,1.4207957532655948,0,0,0,0,-0.7041197093846422,-0.663511106652054,6717.745
0,-0.7457803877896881,-0.48310776595106886,1,0,0,1,-0.7041197093846422,-0.663511106652054,6083.8
0,-0.7457803877896881,0.6592343455789293,1,0,0,0,-0.7041197093846422,-0.663511106652054,0.0
0,-0.9483502431769337,0.2784536417355966,1,0,0,1,-0.7041197093846422,-0.663511106652054,0.0
0,1.887627732244504,0.2784536417355966,1,0,1,1,-0.7041197093846422,-0.663511106652054,2820.98
0,-1.0496351708705565,-0.8638884697944016,1,0,0,1,-0.7041197093846422,-0.663511106652054,12760.17
0,-1.1509200985641792,-0.48310776595106886,0,0,0,1,-0.7041197093846422,-0.663511106652054,4974.028
0,0.26706888914653965,-0.10232706210773612,0,0,1,1,-0.7041197093846422,-0.663511106652054,3151.991
0,0.570923672227408,0.6592343455789293,0,1,1,0,-0.7041197093846422,-0.663511106652054,5841.453
0,0.6722085999210308,0.6592343455789293,1,0,1,0,-0.7041197093846422,-0.663511106652054,18716.88
0,-0.6444954600960654,1.0400150494222622,1,0,0,0,-0.7041197093846422,-0.663511106652054,17941.08
0,0.16578396145291685,0.2784536417355966,0,0,1,1,-0.7041197093846422,-0.663511106652054,0.0
0,-0.8470653154833109,0.6592343455789293,0,0,0,0,-0.7041197093846422,-0.663511106652054,0.0
0,0.36835381684016244,-2.3870112851677328,0,1,0,1,-0.7041197093846422,-0.663511106652054,1161.493
0,-0.8470653154833109,0.6592343455789293,0,1,0,0,-0.7041197093846422,-0.663511106652054,18573.55
0,-0.7457803877896881,0.6592343455789293,1,0,0,0,-0.7041197093846422,-0.663511106652054,11594.24
0,2.799192081487109,-2.3870112851677328,1,0,0,1,-0.7041197093846422,-0.663511106652054,0.0
0,-0.8470653154833109,0.2784536417355966,1,0,0,1,-0.7041197093846422,-0.663511106652054,16485.52
0,-0.9483502431769337,0.2784536417355966,1,0,0,1,-0.7041197093846422,-0.663511106652054,7146.286
0,2.09019758763175,1.0400150494222622,0,0,1,0,-0.7041197093846422,-0.663511106652054,0.0
0,-1.1509200985641792,-0.48310776595106886,0,1,1,1,-0.7041197093846422,-0.663511106652054,6821.186
0,-1.0496351708705565,-0.10232706210773612,1,0,0,1,-0.7041197093846422,-0.663511106652054,0.0
0,1.077348310695522,0.6592343455789293,0,0,1,0,-0.7041197093846422,-0.663511106652054,18756.78
0,0.6722085999210308,-0.8638884697944016,0,0,1,1,-0.7041197093846422,-0.663511106652054,2664.341
0,2.5966222260998637,0.6592343455789293,0,0,0,0,-0.7041197093846422,-0.663511106652054,0.0
0,2.09019758763175,1.4207957532655948,0,0,1,0,-0.7041197093846422,-0.663511106652054,7236.427
0,-1.1509200985641792,-0.48310776595106886,0,0,0,1,-0.7041197093846422,-0.663511106652054,6494.608
0,-1.0496351708705565,-0.8638884697944016,1,0,0,1,-0.7041197093846422,-0.663511106652054,4520.366
0,-0.0367858939343287,1.4207957532655948,1,0,0,0,-0.7041197093846422,-0.663511106652054,10122.43
0,0.9760633830018991,-0.8638884697944016,1,0,0,1,-0.7041197093846422,-0.663511106652054,648.722
0,-1.0496351708705565,-0.10232706210773612,1,0,0,1,-0.7041197093846422,-0.663511106652054,1053.619
0,-1.1509200985641792,-0.8638884697944016,0,0,0,1,-0.7041197093846422,-0.663511106652054,0.0
0,2.09019758763175,0.6592343455789293,0,0,1,0,-0.7041197093846422,-0.663511106652054,1491.026
0,2.799192081487109,-1.2446691736377344,0,0,0,1,-0.7041197093846422,-0.663511106652054,0.0
0,-0.6444954600960654,1.8015764571089277,0,0,0,0,-0.7041197093846422,-0.663511106652054,0.0
0,-1.1509200985641792,-0.10232706210773612,1,0,0,1,-0.7041197093846422,-0.663511106652054,1730.418
0,-0.4419256047088198,0.6592343455789293,0,0,0,0,-0.7041197093846422,-0.663511106652054,3902.676
0,1.887627732244504,0.2784536417355966,1,0,1,1,-0.7041197093846422,-0.663511106652054,0.0
0,-1.0496351708705565,-0.10232706210773612,0,0,0,1,-0.7041197093846422,-0.663511106652054,14942.77
0,1.482488021470013,2.1823571609522605,0,0,0,0,-0.7041197093846422,-0.663511106652054,23764.8
0,-0.9483502431769337,-0.10232706210773612,1,0,0,1,-0.7041197093846422,-0.663511106652054,5306.516
0,2.5966222260998637,0.6592343455789293,1,0,0,0,-0.7041197093846422,-0.663511106652054,0.0
0,-1.0496351708705565,-0.10232706210773612,0,0,1,1,-0.7041197093846422,-0.663511106652054,3859.822
0,-1.0496351708705565,-1.625449877481067,0,0,0,1,-0.7041197093846422,-0.663511106652054,0.0
0,1.5837729491636359,-1.625449877481067,0,0,1,1,-0.7041197093846422,-0.663511106652054,0.0
0,0.6722085999210308,0.6592343455789293,1,0,0,0,-0.7041197093846422,-0.663511106652054,0.0
0,-1.1509200985641792,-0.8638884697944016,0,1,0,1,-0.7041197093846422,-0.663511106652054,12242.96
0,-0.0367858939343287,0.6592343455789293,0,0,1,0,-0.7041197093846422,-0.663511106652054,1533.88
0,2.394052370712618,-2.3870112851677328,1,0,0,1,-0.7041197093846422,-0.663511106652054,0.0
0,1.1786332383891447,-3.148572692854398,1,0,1,1,-0.7041197093846422,-0.663511106652054,964.9555
0,2.799192081487109,-0.8638884697944016,0,0,1,1,-0.7041197093846422,-0.663511106652054,0.0
0,-1.1509200985641792,-0.48310776595106886,0,0,0,1,-0.7041197093846422,-0.663511106652054,5551.819
0,-0.0367858939343287,-0.10232706210773612,1,0,0,1,-0.7041197093846422,-0.663511106652054,7543.794
0,-0.23935574932157425,1.4207957532655948,0,0,0,0,-0.7041197093846422,-0.663511106652054,0.0
0,-0.9483502431769337,0.2784536417355966,0,0,0,1,-0.7041197093846422,-0.663511106652054,10150.5
0,-0.340640677015197,-3.5293533966977306,0,1,1,1,-0.7041197093846422,-0.663511106652054,19464.61
0,-0.6444954600960654,2.9439185686389258,0,0,0,0,-0.7041197093846422,-0.663511106652054,0.0
0,0.4696387445337852,-2.0062305813243997,1,0,1,1,-0.7041197093846422,-0.663511106652054,187.6713
0,-1.1509200985641792,-0.48310776595106886,0,0,0,1,-0.7041197093846422,-0.663511106652054,1495.459
